date,gps_fix,latitude,longitude,altitude,temperature,battery,extra
1445179532.999994,-1,0.0000000,0.0000000,0.000,25.40,98.897,
1445179533.999994,-1,0.0000000,0.0000000,0.000,23.30,98.842,
1445179534.999994,-1,0.0000000,0.0000000,0.000,23.10,98.817,
1445179535.999993,-1,0.0000000,0.0000000,0.000,25.00,98.717,
1445179536.999993,-1,0.0000000,0.0000000,0.000,22.60,98.707,
1445179537.999992,-1,0.0000000,0.0000000,0.000,23.80,98.665,
1445179538.999992,-1,0.0000000,0.0000000,0.000,24.30,98.602,
1445179539.999991,-1,0.0000000,0.0000000,0.000,25.90,98.598,
1555857940.996732,0,47.9857773,3.0015547,224.059,23.50,98.541,
1555857941.999732,0,47.9857819,3.0015577,223.508,22.30,98.511,
1555857942.999732,0,47.9857818,3.0015623,222.750,23.30,98.430,
1555857943.999732,0,47.9857799,3.0015665,221.986,24.60,98.372,
1555857944.999731,0,47.9857789,3.0015702,221.488,25.90,98.335,
1555857945.999731,0,47.9857789,3.0015741,221.008,24.00,98.252,
1555857946.999731,0,47.9857727,3.0015976,222.141,25.20,98.183,
1555857946.999731,0,47.9857713,3.0015996,221.838,25.10,98.163,
1555857947.99973,0,47.9857702,3.0016001,221.648,24.60,98.071,
1555857949.99973,0,47.9857697,3.0016002,221.444,23.00,97.997,
1555857950.99973,0,47.9857691,3.0015997,221.367,22.40,97.988,
1555857951.999729,0,47.9857685,3.0015997,221.293,24.50,97.958,
1555857952.999729,0,47.9857685,3.0015996,221.201,25.40,97.956,
1555857953.999729,0,47.9857681,3.0015994,221.072,23.00,97.910,
1555857954.999729,0,47.9857672,3.0015993,220.916,22.30,97.868,
1555857955.999728,0,47.9857668,3.0015995,220.819,22.40,97.841,
1555857956.999728,0,47.9857668,3.0015994,220.771,23.50,97.749,
1555857957.999728,0,47.9857666,3.0015994,220.623,26.00,97.668,
1555857958.999727,0,47.9857667,3.0015994,220.510,25.80,97.587,
1555857959.999727,0,47.9857667,3.0015994,220.402,24.10,97.527,
1555857960.999727,0,47.9857669,3.0015994,220.315,25.30,97.479,
1555857961.999727,0,47.9857671,3.0015990,220.272,22.60,97.385,
1555857962.999726,0,47.9857673,3.0015985,220.208,23.80,97.344,
1555857963.999726,0,47.9857677,3.0015979,220.123,25.60,97.273,
1555857964.999726,0,47.9857681,3.0015974,220.097,22.20,97.207,
1555857965.999726,0,47.9857686,3.0015968,220.052,24.50,97.171,
1555857966.999725,0,47.9857692,3.0015961,220.030,22.00,97.150,
1555857967.999725,0,47.9857698,3.0015955,220.025,25.50,97.066,
1555857968.999725,0,47.9857703,3.0015951,219.944,24.70,97.036,
1555857969.999724,0,47.9857710,3.0015944,219.936,24.30,97.012,
1555857970.999724,0,47.9857717,3.0015938,219.882,24.00,96.931,
1555857971.999724,0,47.9857723,3.0015931,219.863,22.30,96.841,
1555857972.999724,0,47.9857728,3.0015924,219.822,25.80,96.811,
1555857973.999723,0,47.9857734,3.0015915,219.811,22.00,96.759,
1555857974.999723,0,47.9857739,3.0015909,219.852,22.30,96.754,
1555857975.999723,0,47.9857746,3.0015903,219.834,25.90,96.686,
1555857976.999723,0,47.9857752,3.0015896,219.931,25.60,96.624,
1555857977.999722,0,47.9857759,3.0015889,220.003,22.50,96.578,
1555857978.999722,0,47.9857768,3.0015881,220.022,22.90,96.545,
1555857979.999722,0,47.9857774,3.0015875,220.060,22.00,96.460,
1555857980.999721,0,47.9857779,3.0015871,220.088,22.00,96.451,
1555857981.999721,0,47.9857785,3.0015868,220.127,25.40,96.405,
1555857982.999721,0,47.9857792,3.0015864,220.171,22.90,96.309,
1555857983.999721,0,47.9857800,3.0015860,220.243,24.70,96.232,
1555857984.99972,0,47.9857807,3.0015856,220.334,24.40,96.142,
1555857985.99972,0,47.9857812,3.0015850,220.357,25.10,96.056,
1555857985.99972,0,47.9857816,3.0015846,220.494,22.70,95.991,
1555857987.999719,0,47.9857818,3.0015843,220.572,23.20,95.967,
1555857988.999719,0,47.9857822,3.0015842,220.634,25.40,95.916,
1555857989.999719,0,47.9857827,3.0015842,220.672,25.40,95.857,
1555857990.999719,0,47.9857834,3.0015840,220.710,24.60,95.778,
1555857991.999718,0,47.9857839,3.0015840,220.745,24.70,95.728,
1555857992.999718,0,47.9857842,3.0015840,220.755,22.00,95.661,
1555857993.999718,0,47.9857844,3.0015839,220.835,22.10,95.580,
1555857994.999718,0,47.9857846,3.0015839,220.879,22.90,95.565,
1555857995.999717,0,47.9857846,3.0015841,220.891,22.60,95.488,
1555857996.999717,0,47.9857849,3.0015842,220.978,23.00,95.447,
1555857997.999717,0,47.9857855,3.0015842,221.111,23.40,95.399,
1555857998.999716,0,47.9857860,3.0015840,221.193,23.10,95.326,
1555857999.999716,0,47.9857867,3.0015840,221.240,25.70,95.260,
1555858000.999716,0,47.9857874,3.0015844,221.297,25.00,95.169,
1555858001.999716,0,47.9857881,3.0015848,221.392,22.30,95.126,
1555858002.999715,0,47.9857887,3.0015854,221.446,22.70,95.060,
1555858003.999715,0,47.9857892,3.0015859,221.461,23.80,95.010,
1555858004.999715,0,47.9857897,3.0015861,221.564,22.80,94.983,
1555858005.999714,0,47.9857905,3.0015862,221.607,22.80,94.907,
1555858006.999714,0,47.9857912,3.0015863,221.720,24.90,94.861,
1555858007.999714,0,47.9857919,3.0015863,221.836,25.40,94.782,
1555858008.999714,0,47.9857928,3.0015863,221.884,24.90,94.773,
1555858009.999713,0,47.9857936,3.0015863,221.941,22.40,94.754,
1555858010.999713,0,47.9857943,3.0015865,221.986,24.40,94.657,
1555858011.999713,0,47.9857950,3.0015867,222.048,23.90,94.561,
1555858012.999713,0,47.9857955,3.0015866,222.144,25.30,94.561,
1555858013.999712,0,47.9857960,3.0015866,222.174,24.50,94.523,
1555858014.999712,0,47.9857965,3.0015868,222.212,23.10,94.432,
1555858014.999712,0,47.9857971,3.0015870,222.263,22.90,94.356,
1555858016.999711,0,47.9857977,3.0015870,222.360,22.30,94.301,
1555858017.999711,0,47.9857980,3.0015868,222.537,25.40,94.232,
1555858018.999711,0,47.9857984,3.0015870,222.614,23.10,94.187,
1555858018.999711,0,47.9857988,3.0015874,222.652,22.40,94.144,
1555858020.99971,0,47.9857989,3.0015877,222.746,22.40,94.046,
1555858021.99971,0,47.9857991,3.0015882,222.781,25.20,94.039,
1555858022.99971,0,47.9857991,3.0015890,222.728,23.30,93.983,
1555858023.99971,0,47.9857990,3.0015896,222.866,24.20,93.893,
1555858024.999709,0,47.9857990,3.0015905,222.841,25.40,93.807,
1555858025.999709,0,47.9857990,3.0015912,222.848,22.70,93.786,
1555858026.999709,0,47.9857989,3.0015920,222.835,24.90,93.774,
1555858027.999708,0,47.9857986,3.0015926,222.862,22.20,93.772,
1555858028.999708,0,47.9857981,3.0015934,222.879,23.40,93.760,
1555858029.999708,0,47.9857977,3.0015944,222.865,22.80,93.734,
1555858029.999708,0,47.9857974,3.0015951,222.931,25.10,93.635,
1555858031.999707,0,47.9857971,3.0015960,222.920,23.70,93.572,
1555858032.999707,0,47.9857969,3.0015971,222.918,24.60,93.563,
1555858033.999707,0,47.9857967,3.0015981,222.907,24.90,93.468,
1555858034.999706,0,47.9857966,3.0015990,222.893,23.80,93.422,
1555858035.999706,0,47.9857965,3.0015997,222.869,25.60,93.369,
1555858036.999706,0,47.9857964,3.0016004,222.824,25.50,93.291,
1555858037.999706,0,47.9857964,3.0016012,222.700,22.00,93.234,
1555858038.999705,0,47.9857966,3.0016019,222.695,23.10,93.227,
1555858039.999705,0,47.9857969,3.0016024,222.670,23.80,93.224,
1555858040.999705,0,47.9857972,3.0016028,222.650,24.20,93.173,
1555858041.999705,0,47.9857973,3.0016034,222.577,22.00,93.113,
1555858042.999704,0,47.9857975,3.0016039,222.503,25.10,93.069,
1555858043.999704,0,47.9857978,3.0016042,222.450,23.40,93.060,
1555858044.999704,0,47.9857980,3.0016046,222.339,25.30,93.000,
1555858045.999703,0,47.9857984,3.0016050,222.301,25.30,92.940,
1555858046.999703,0,47.9857989,3.0016051,222.298,23.30,92.844,
1555858047.999703,0,47.9857992,3.0016053,222.220,22.70,92.801,
1555858048.999703,0,47.9857996,3.0016053,222.169,25.80,92.711,
1555858049.999702,0,47.9858000,3.0016051,222.151,24.80,92.683,
1555858050.999702,0,47.9858004,3.0016051,222.201,23.70,92.594,
1555858051.999702,0,47.9858009,3.0016053,222.159,22.70,92.548,
1555858052.999702,0,47.9858014,3.0016053,222.202,24.30,92.486,
1555858053.999701,0,47.9858017,3.0016053,222.157,22.30,92.453,
1555858054.999701,0,47.9858021,3.0016052,222.187,23.40,92.405,
1555858055.999701,0,47.9858023,3.0016052,222.083,24.00,92.405,
1555858056.9997,0,47.9858026,3.0016050,222.127,22.90,92.317,
1555858057.9997,0,47.9858028,3.0016049,222.141,25.90,92.267,
1555858058.9997,0,47.9858028,3.0016047,222.114,25.20,92.251,
1555858059.9997,0,47.9858030,3.0016047,222.108,22.60,92.211,
1555858060.999699,0,47.9858032,3.0016045,222.159,25.60,92.194,
1555858061.999699,0,47.9858032,3.0016044,222.182,24.70,92.098,
1555858062.999699,0,47.9858033,3.0016041,222.223,23.00,92.092,
1555858063.999698,0,47.9858032,3.0016040,222.233,23.20,92.075,
1555858064.999698,0,47.9858032,3.0016038,222.271,22.90,92.068,
1555858065.999698,0,47.9858032,3.0016035,222.338,24.80,92.041,
1555858066.999698,0,47.9858028,3.0016036,222.422,23.80,92.032,
1555858067.999697,0,47.9858020,3.0016035,222.543,25.60,92.011,
1555858068.999697,0,47.9858014,3.0016030,222.653,22.50,91.947,
1555858069.999697,0,47.9858007,3.0016026,222.743,23.90,91.859,
1555858070.999697,0,47.9858000,3.0016023,222.869,22.50,91.784,
1555858071.999696,0,47.9857994,3.0016018,222.969,24.40,91.781,
1555858072.999696,0,47.9857989,3.0016010,223.055,22.70,91.688,
1555858073.999696,0,47.9857982,3.0016006,223.094,23.60,91.601,
1555858074.999695,0,47.9857975,3.0016001,223.137,24.20,91.545,
1555858075.999695,0,47.9857971,3.0015995,223.234,22.20,91.482,
1555858076.999695,0,47.9857965,3.0015988,223.277,25.20,91.427,
1555858077.999695,0,47.9857960,3.0015980,223.356,23.30,91.402,
1555858078.999694,0,47.9857954,3.0015973,223.337,23.10,91.400,
1555858079.999694,0,47.9857947,3.0015965,223.325,24.40,91.361,
1555858080.999694,0,47.9857943,3.0015957,223.382,24.20,91.272,
1555858081.999693,0,47.9857938,3.0015947,223.376,23.70,91.227,
1555858082.999693,0,47.9857934,3.0015940,223.401,26.00,91.177,
1555858083.999693,0,47.9857930,3.0015936,223.344,25.10,91.107,
1555858084.999693,0,47.9857925,3.0015932,223.308,24.00,91.035,
1555858085.999692,0,47.9857921,3.0015929,223.324,23.80,90.961,
1555858086.999692,0,47.9857914,3.0015926,223.279,25.50,90.889,
1555858087.999692,0,47.9857907,3.0015923,223.225,25.80,90.865,
1555858088.999692,0,47.9857900,3.0015923,223.134,23.50,90.781,
1555858089.999691,0,47.9857895,3.0015921,223.016,22.30,90.709,
1555858090.999691,0,47.9857892,3.0015918,222.967,22.30,90.657,
1555858091.999691,0,47.9857889,3.0015916,222.847,22.40,90.641,
1555858092.99969,0,47.9857884,3.0015915,222.731,24.50,90.550,
1555858093.99969,0,47.9857879,3.0015913,222.622,22.20,90.539,
1555858094.99969,0,47.9857876,3.0015910,222.515,24.30,90.484,
1555858095.99969,0,47.9857872,3.0015908,222.397,25.90,90.464,
1555858096.999689,0,47.9857869,3.0015908,222.302,24.00,90.390,
1555858097.999689,0,47.9857868,3.0015907,222.251,22.40,90.291,
1555858098.999689,0,47.9857866,3.0015906,222.191,24.50,90.195,
1555858099.999688,0,47.9857863,3.0015906,222.107,22.00,90.130,
1555858099.999688,0,47.9857860,3.0015908,222.039,24.70,90.120,
1555858101.999688,0,47.9857856,3.0015909,221.914,24.40,90.081,
1555858101.999688,0,47.9857851,3.0015911,221.770,24.30,90.005,
1555858103.999687,0,47.9857847,3.0015913,221.686,22.70,89.962,
1555858104.999687,0,47.9857844,3.0015911,221.583,23.70,89.920,
1555858105.999687,0,47.9857842,3.0015910,221.485,25.30,89.862,
1555858105.999687,0,47.9857836,3.0015910,221.407,23.00,89.787,
1555858107.999686,0,47.9857830,3.0015913,221.293,22.30,89.784,
1555858108.999686,0,47.9857827,3.0015917,221.228,24.60,89.731,
1555858109.999686,0,47.9857823,3.0015923,221.101,22.40,89.633,
1555858110.999685,0,47.9857818,3.0015927,221.085,24.70,89.551,
1555858111.999685,0,47.9857812,3.0015934,221.052,24.80,89.522,
1555858112.999685,0,47.9857808,3.0015940,220.945,24.30,89.491,
1555858113.999685,0,47.9857807,3.0015946,220.942,22.40,89.443,
1555858114.999684,0,47.9857805,3.0015950,220.944,24.10,89.379,
1555858115.999684,0,47.9857803,3.0015955,220.914,24.50,89.337,
1555858116.999684,0,47.9857800,3.0015958,220.883,23.30,89.333,
1555858117.999683,0,47.9857799,3.0015960,220.863,24.40,89.235,
1555858118.999683,0,47.9857798,3.0015964,220.821,23.90,89.233,
1555858119.999683,0,47.9857795,3.0015970,220.758,22.20,89.211,
1555858120.999683,0,47.9857793,3.0015976,220.758,24.40,89.173,
1555858121.999682,0,47.9857790,3.0015983,220.774,23.80,89.086,
1555858122.999682,0,47.9857788,3.0015989,220.724,22.10,89.032,
1555858122.999682,0,47.9857787,3.0015994,220.756,22.90,89.024,
1555858124.999681,0,47.9857786,3.0015999,220.737,26.00,88.964,
1555858124.999681,0,47.9857784,3.0016007,220.682,24.00,88.943,
1555858126.999681,0,47.9857783,3.0016016,220.656,23.80,88.855,
1555858127.999681,0,47.9857783,3.0016025,220.643,25.70,88.815,
1555858128.99968,0,47.9857784,3.0016033,220.563,22.20,88.768,
1555858129.99968,0,47.9857783,3.0016040,220.498,25.30,88.763,
1555858130.99968,0,47.9857781,3.0016048,220.422,24.50,88.740,
1555858131.99968,0,47.9857782,3.0016056,220.369,23.70,88.731,
1555858132.999679,0,47.9857784,3.0016061,220.272,22.20,88.685,
1555858133.999679,0,47.9857784,3.0016065,220.257,24.20,88.616,
1555858134.999679,0,47.9857785,3.0016070,220.242,26.00,88.609,
1555858135.999678,0,47.9857787,3.0016075,220.213,24.20,88.550,
1555858136.999678,0,47.9857790,3.0016080,220.145,24.00,88.547,
1555858136.999678,0,47.9857792,3.0016085,220.112,25.00,88.516,
1555858137.999678,0,47.9857794,3.0016092,220.035,23.80,88.451,
1555858139.999677,0,47.9857796,3.0016099,219.970,22.00,88.414,
1555858140.999677,0,47.9857798,3.0016105,219.932,25.20,88.367,
1555858141.999677,0,47.9857799,3.0016111,219.853,22.20,88.298,
1555858141.999677,0,47.9857800,3.0016117,219.777,24.20,88.296,
1555858143.999676,0,47.9857802,3.0016122,219.752,23.00,88.204,
1555858144.999676,0,47.9857807,3.0016126,219.785,23.30,88.172,
1555858145.999676,0,47.9857812,3.0016131,219.725,24.60,88.078,
1555858146.999675,0,47.9857815,3.0016134,219.682,23.00,88.029,
1555858147.999675,0,47.9857817,3.0016137,219.646,23.10,88.027,
1555858148.999675,0,47.9857819,3.0016142,219.630,24.70,88.002,
1555858149.999674,0,47.9857821,3.0016148,219.623,22.20,87.918,
1555858150.999674,0,47.9857823,3.0016152,219.647,25.80,87.840,
1555858151.999674,0,47.9857825,3.0016158,219.627,26.00,87.777,
1555858152.999674,0,47.9857827,3.0016164,219.626,23.70,87.755,
1555858153.999673,0,47.9857830,3.0016167,219.648,25.80,87.702,
1555858154.999673,0,47.9857833,3.0016171,219.686,24.90,87.668,
1555858155.999673,0,47.9857835,3.0016178,219.642,25.40,87.614,
1555858156.999672,0,47.9857836,3.0016184,219.596,22.60,87.556,
1555858157.999672,0,47.9857837,3.0016187,219.613,25.00,87.534,
1555858158.999672,0,47.9857839,3.0016191,219.590,24.20,87.438,
1555858159.999672,0,47.9857844,3.0016195,219.638,22.70,87.365,
1555858159.999672,0,47.9857848,3.0016199,219.615,25.80,87.309,
1555858161.999671,0,47.9857852,3.0016204,219.599,25.30,87.235,
1555858162.999671,0,47.9857856,3.0016207,219.535,23.00,87.187,
1555858163.99967,0,47.9857861,3.0016206,219.550,25.40,87.157,
1555858164.99967,0,47.9857867,3.0016203,219.563,22.20,87.078,
1555858165.99967,0,47.9857874,3.0016202,219.521,25.90,87.050,
1555858166.99967,0,47.9857879,3.0016202,219.477,23.50,86.952,
1555858167.999669,0,47.9857882,3.0016201,219.445,22.60,86.852,
1555858168.999669,0,47.9857886,3.0016199,219.453,25.50,86.796,
1555858168.999669,0,47.9857890,3.0016198,219.448,22.70,86.779,
1555858170.999669,0,47.9857895,3.0016197,219.445,22.40,86.744,
1555858171.999668,0,47.9857899,3.0016195,219.422,24.20,86.649,
1555858172.999668,0,47.9857902,3.0016191,219.342,23.90,86.605,
1555858173.999668,0,47.9857904,3.0016190,219.295,25.50,86.559,
1555858174.999667,0,47.9857905,3.0016189,219.264,25.40,86.544,
1555858175.999667,0,47.9857907,3.0016187,219.242,22.50,86.490,
1555858176.999667,0,47.9857909,3.0016187,219.175,25.90,86.470,
1555858177.999667,0,47.9857913,3.0016184,219.140,22.50,86.422,
1555858178.999666,0,47.9857917,3.0016183,219.055,22.80,86.365,
1555858179.999666,0,47.9857921,3.0016181,219.002,23.80,86.333,
1555858180.999666,0,47.9857925,3.0016180,218.942,24.70,86.235,
1555858181.999665,0,47.9857913,3.0016207,218.542,25.10,86.182,
1555858182.999665,0,47.9857912,3.0016209,218.575,23.00,86.094,
1555858183.999665,0,47.9857917,3.0016201,218.545,23.70,86.037,
1555858184.999665,0,47.9857923,3.0016194,218.661,23.70,86.008,
1555858185.999664,0,47.9857939,3.0016193,218.977,25.10,85.921,
1555858186.999664,0,47.9857945,3.0016205,218.788,24.20,85.916,
1555858187.999664,0,47.9857943,3.0016212,218.370,24.70,85.824,
1555858188.999663,0,47.9857965,3.0016217,218.282,22.10,85.804,
1555858189.999663,0,47.9857976,3.0016194,218.053,23.00,85.804,
1555858190.999663,0,47.9857970,3.0016163,217.937,23.10,85.719,
1555858191.999663,0,47.9857956,3.0016146,217.510,23.50,85.687,
1555858192.999662,0,47.9857937,3.0016142,217.299,22.90,85.633,
1555858193.999662,0,47.9857935,3.0016164,216.962,23.30,85.621,
1555858194.999662,0,47.9857949,3.0016166,216.790,25.60,85.542,
1555858195.999661,0,47.9857970,3.0016142,216.851,25.40,85.512,
1555858196.999661,0,47.9857995,3.0016091,217.042,25.60,85.498,
1555858197.999661,0,47.9858018,3.0016046,217.128,23.50,85.465,
1555858198.999661,0,47.9858029,3.0016022,217.511,23.50,85.378,
1555858199.99966,0,47.9858026,3.0016032,217.935,22.60,85.352,
1555858200.99966,0,47.9858026,3.0016065,217.519,22.50,85.335,
1555858201.99966,0,47.9858021,3.0016077,217.682,24.70,85.319,
1555858202.999659,0,47.9858033,3.0016058,217.774,25.80,85.286,
1555858203.999659,0,47.9858051,3.0016015,217.915,23.90,85.282,
1555858204.999659,0,47.9858066,3.0015955,217.933,22.80,85.186,
1555858205.999659,0,47.9858083,3.0015911,217.718,24.80,85.174,
1555858206.999658,0,47.9858100,3.0015898,217.227,25.20,85.158,
1555858207.999658,0,47.9858103,3.0015902,216.847,22.90,85.092,
1555858208.999658,0,47.9858107,3.0015911,216.872,25.20,85.050,
1555858209.999657,0,47.9858117,3.0015914,217.097,25.90,85.042,
1555858210.999657,0,47.9858125,3.0015902,217.213,22.60,84.965,
1555858211.999657,0,47.9858130,3.0015889,217.349,25.40,84.906,
1555858212.999657,0,47.9858133,3.0015886,217.151,23.80,84.820,
1555858213.999656,0,47.9858135,3.0015889,216.991,24.70,84.786,
1555858214.999656,0,47.9858144,3.0015880,216.795,25.30,84.694,
1555858215.999656,0,47.9858152,3.0015866,216.640,23.90,84.651,
1555858216.999655,0,47.9858165,3.0015861,216.513,25.80,84.559,
1555858217.999655,0,47.9858165,3.0015860,216.548,24.60,84.528,
1555858218.999655,0,47.9858164,3.0015873,216.647,25.70,84.459,
1555858219.999655,0,47.9858166,3.0015887,216.627,24.50,84.436,
1555858220.999654,0,47.9858170,3.0015899,216.794,25.20,84.409,
1555858221.999654,0,47.9858173,3.0015904,216.782,25.20,84.407,
1555858222.999654,0,47.9858177,3.0015904,216.792,22.20,84.368,
1555858223.999653,0,47.9858177,3.0015904,216.781,23.20,84.333,
1555858223.999653,0,47.9858176,3.0015904,216.844,23.20,84.256,
1555858224.999653,0,47.9858177,3.0015908,216.914,24.30,84.235,
1555858226.999653,0,47.9858176,3.0015918,216.988,25.30,84.216,
1555858226.999653,0,47.9858175,3.0015935,217.016,25.40,84.141,
1555858228.999652,0,47.9858174,3.0015951,217.070,23.60,84.043,
1555858229.999652,0,47.9858173,3.0015961,217.148,25.90,84.032,
1555858230.999651,0,47.9858169,3.0015972,217.148,24.90,83.972,
1555858231.999651,0,47.9858165,3.0015979,217.195,24.10,83.884,
1555858232.999651,0,47.9858163,3.0015982,217.233,23.00,83.830,
1555858233.999651,0,47.9858161,3.0015985,217.284,23.10,83.798,
1555858234.99965,0,47.9858158,3.0015995,217.389,23.30,83.791,
1555858235.99965,0,47.9858157,3.0016009,217.395,24.70,83.702,
1555858236.99965,0,47.9858154,3.0016027,217.430,23.80,83.645,
1555858237.999649,0,47.9858151,3.0016041,217.472,22.90,83.621,
1555858238.999649,0,47.9858150,3.0016056,217.536,22.60,83.579,
1555858239.999649,0,47.9858148,3.0016060,217.607,25.90,83.484,
1555858240.999649,0,47.9858149,3.0016060,217.645,25.50,83.430,
1555858241.999648,0,47.9858150,3.0016065,217.667,22.70,83.424,
1555858242.999648,0,47.9858150,3.0016068,217.606,24.40,83.327,
1555858243.999648,0,47.9858150,3.0016072,217.605,26.00,83.241,
1555858244.999647,0,47.9858150,3.0016077,217.636,22.80,83.204,
1555858245.999647,0,47.9858149,3.0016081,217.714,22.50,83.144,
1555858246.999647,0,47.9858148,3.0016085,217.753,23.30,83.054,
1555858247.999647,0,47.9858147,3.0016087,217.771,25.20,83.025,
1555858248.999646,0,47.9858144,3.0016090,217.784,24.40,82.955,
1555858249.999646,0,47.9858143,3.0016096,217.749,24.10,82.887,
1555858250.999646,0,47.9858141,3.0016101,217.739,22.80,82.871,
1555858251.999645,0,47.9858141,3.0016100,217.753,24.90,82.805,
1555858252.999645,0,47.9858141,3.0016100,217.807,23.90,82.758,
1555858253.999645,0,47.9858140,3.0016105,217.840,25.80,82.681,
1555858254.999645,0,47.9858140,3.0016110,217.818,23.30,82.620,
1555858255.999644,0,47.9858141,3.0016115,217.815,22.80,82.551,
1555858256.999644,0,47.9858141,3.0016116,217.778,24.10,82.457,
1555858257.999644,0,47.9858141,3.0016117,217.735,24.10,82.368,
1555858258.999643,0,47.9858140,3.0016117,217.736,25.20,82.336,
1555858259.999643,0,47.9858139,3.0016118,217.687,22.90,82.328,
1555858260.999643,0,47.9858139,3.0016118,217.660,22.50,82.294,
1555858261.999643,0,47.9858139,3.0016121,217.671,23.30,82.214,
1555858262.999642,0,47.9858137,3.0016127,217.695,25.40,82.116,
1555858263.999642,0,47.9858135,3.0016128,217.691,26.00,82.039,
1555858264.999642,0,47.9858135,3.0016127,217.683,23.80,82.011,
1555858265.999641,0,47.9858135,3.0016124,217.669,23.90,81.958,
1555858266.999641,0,47.9858134,3.0016124,217.683,24.70,81.904,
1555858267.999641,0,47.9858134,3.0016123,217.657,24.10,81.828,
1555858268.999641,0,47.9858133,3.0016128,217.657,23.60,81.791,
1555858269.99964,0,47.9858130,3.0016134,217.648,24.90,81.711,
1555858270.99964,0,47.9858129,3.0016140,217.649,23.50,81.619,
1555858271.99964,0,47.9858128,3.0016144,217.668,23.70,81.538,
1555858272.999639,0,47.9858128,3.0016142,217.690,24.10,81.504,
1555858273.999639,0,47.9858128,3.0016139,217.689,23.20,81.434,
1555858274.999639,0,47.9858128,3.0016138,217.689,22.80,81.402,
1555858275.999639,0,47.9858127,3.0016139,217.666,23.30,81.343,
1555858276.999638,0,47.9858127,3.0016138,217.650,24.30,81.287,
1555858277.999638,0,47.9858126,3.0016136,217.647,23.90,81.275,
1555858278.999638,0,47.9858126,3.0016133,217.664,25.10,81.231,
1555858279.999637,0,47.9858126,3.0016132,217.686,22.60,81.184,
1555858280.999637,0,47.9858124,3.0016133,217.717,23.70,81.167,
1555858281.999637,0,47.9858122,3.0016137,217.733,22.50,81.167,
1555858282.999637,0,47.9858121,3.0016140,217.728,22.50,81.067,
1555858283.999636,0,47.9858121,3.0016141,217.716,22.00,81.059,
1555858284.999636,0,47.9858121,3.0016139,217.704,24.70,80.987,
1555858285.999636,0,47.9858122,3.0016134,217.688,24.00,80.961,
1555858286.999635,0,47.9858123,3.0016129,217.684,22.90,80.868,
1555858287.999635,0,47.9858123,3.0016126,217.700,22.90,80.779,
1555858288.999635,0,47.9858122,3.0016125,217.707,25.80,80.686,
1555858289.999635,0,47.9858120,3.0016127,217.705,23.40,80.611,
1555858290.999634,0,47.9858119,3.0016129,217.706,23.70,80.604,
1555858291.999634,0,47.9858119,3.0016129,217.722,25.70,80.577,
1555858292.999634,0,47.9858118,3.0016128,217.744,22.00,80.538,
1555858293.999633,0,47.9858118,3.0016128,217.764,23.00,80.526,
1555858294.999633,0,47.9858118,3.0016126,217.758,24.50,80.442,
1555858295.999633,0,47.9858118,3.0016125,217.750,25.70,80.384,
1555858296.999633,0,47.9858118,3.0016123,217.727,23.20,80.329,
1555858297.999632,0,47.9858118,3.0016122,217.746,25.60,80.261,
1555858298.999632,0,47.9858117,3.0016121,217.742,24.00,80.220,
1555858299.999632,0,47.9858117,3.0016121,217.755,25.30,80.154,
1555858300.999631,0,47.9858117,3.0016120,217.759,23.90,80.092,
1555858301.999631,0,47.9858116,3.0016120,217.765,25.10,79.993,
1555858302.999631,0,47.9858116,3.0016120,217.765,25.00,79.985,
1555858303.999631,0,47.9858115,3.0016119,217.748,25.60,79.962,
1555858304.99963,0,47.9858115,3.0016117,217.749,23.30,79.920,
1555858305.99963,0,47.9858115,3.0016115,217.742,25.00,79.882,
1555858306.99963,0,47.9858114,3.0016114,217.752,22.20,79.788,
1555858307.999629,0,47.9858113,3.0016115,217.756,25.00,79.776,
1555858308.999629,0,47.9858112,3.0016117,217.765,22.90,79.766,
1555858309.999629,0,47.9858112,3.0016119,217.771,25.40,79.672,
1555858310.999629,0,47.9858111,3.0016121,217.775,23.90,79.585,
1555858311.999628,0,47.9858114,3.0016117,217.757,23.20,79.496,
1555858312.999628,0,47.9858115,3.0016104,217.747,26.00,79.428,
1555858313.999628,0,47.9858113,3.0016101,217.757,22.70,79.386,
1555858314.999627,0,47.9858113,3.0016106,217.765,24.10,79.358,
1555858315.999627,0,47.9858113,3.0016108,217.778,25.80,79.330,
1555858316.999627,0,47.9858112,3.0016110,217.782,24.30,79.311,
1555858317.999626,0,47.9858111,3.0016112,217.784,25.70,79.282,
1555858318.999626,0,47.9858110,3.0016113,217.790,24.50,79.199,
1555858319.999626,0,47.9858109,3.0016114,217.798,25.90,79.119,
1555858320.999626,0,47.9858109,3.0016112,217.805,24.20,79.084,
1555858321.999625,0,47.9858109,3.0016112,217.807,25.60,79.031,
1555858322.999625,0,47.9858098,3.0016106,217.828,25.60,78.943,
1555858323.999625,0,47.9858089,3.0016102,217.849,22.80,78.853,
1555858324.999624,0,47.9858094,3.0016101,217.862,25.70,78.794,
1555858324.999624,0,47.9858094,3.0016105,217.882,24.90,78.757,
1555858326.999624,0,47.9858084,3.0016111,217.902,24.60,78.664,
1555858327.999624,0,47.9858081,3.0016109,217.893,24.60,78.584,
1555858328.999623,0,47.9858081,3.0016106,217.881,22.00,78.499,
1555858329.999623,0,47.9858081,3.0016104,217.865,25.20,78.441,
1555858330.999623,0,47.9858081,3.0016103,217.853,24.60,78.428,
1555858331.999622,0,47.9858080,3.0016103,217.849,22.70,78.396,
1555858332.999622,0,47.9858079,3.0016104,217.855,22.30,78.365,
1555858333.999622,0,47.9858079,3.0016105,217.849,22.30,78.283,
1555858334.999622,0,47.9858078,3.0016104,217.850,22.60,78.243,
1555858335.999621,0,47.9858078,3.0016103,217.852,24.20,78.239,
1555858335.999621,0,47.9858071,3.0016102,217.841,22.00,78.216,
1555858337.999621,0,47.9858071,3.0016101,217.832,23.30,78.183,
1555858338.99962,0,47.9858073,3.0016098,217.840,25.30,78.105,
1555858339.99962,0,47.9858075,3.0016095,217.838,23.70,78.069,
1555858340.99962,0,47.9858075,3.0016094,217.839,25.60,78.043,
1555858341.99962,0,47.9858075,3.0016091,217.834,23.50,77.990,
1555858342.999619,0,47.9858076,3.0016089,217.855,24.50,77.918,
1555858343.999619,0,47.9858076,3.0016087,217.871,23.50,77.910,
1555858344.999619,0,47.9858075,3.0016086,217.880,25.00,77.862,
1555858345.999618,0,47.9858075,3.0016085,217.897,26.00,77.803,
1555858346.999618,0,47.9858074,3.0016085,217.909,23.90,77.710,
1555858347.999618,0,47.9858074,3.0016085,217.927,23.50,77.674,
1555858348.999618,0,47.9858073,3.0016086,217.949,24.00,77.666,
1555858349.999617,0,47.9858072,3.0016086,217.957,23.80,77.608,
1555858350.999617,0,47.9858072,3.0016086,217.977,22.00,77.511,
1555858351.999617,0,47.9858071,3.0016087,217.996,25.50,77.505,
1555858352.999616,0,47.9858071,3.0016086,218.013,24.60,77.413,
1555858353.999616,0,47.9858071,3.0016086,218.019,23.10,77.332,
1555858353.999616,0,47.9858071,3.0016087,218.033,23.10,77.235,
1555858355.999616,0,47.9858070,3.0016087,218.050,24.30,77.182,
1555858356.999615,0,47.9858069,3.0016081,218.061,25.30,77.123,
1555858357.999615,0,47.9858068,3.0016079,218.059,24.40,77.086,
1555858358.999615,0,47.9858068,3.0016079,218.079,23.00,77.079,
1555858359.999614,0,47.9858067,3.0016081,218.088,23.80,77.063,
1555858360.999614,0,47.9858067,3.0016082,218.103,25.70,77.031,
1555858361.999614,0,47.9858067,3.0016083,218.113,24.40,76.955,
1555858362.999614,0,47.9858066,3.0016084,218.121,25.90,76.865,
1555858363.999613,0,47.9858066,3.0016085,218.121,22.90,76.851,
1555858364.999613,0,47.9858066,3.0016084,218.119,23.50,76.777,
1555858365.999613,0,47.9858067,3.0016084,218.129,25.90,76.767,
1555858366.999612,0,47.9858067,3.0016083,218.130,23.50,76.670,
1555858367.999612,0,47.9858066,3.0016083,218.133,25.20,76.576,
1555858368.999612,0,47.9858066,3.0016084,218.147,25.60,76.574,
1555858369.999612,0,47.9858066,3.0016085,218.151,24.60,76.559,
1555858370.999611,0,47.9858066,3.0016086,218.162,25.90,76.544,
1555858371.999611,0,47.9858065,3.0016087,218.164,25.50,76.473,
1555858372.999611,0,47.9858065,3.0016088,218.158,25.60,76.436,
1555858373.99961,0,47.9858065,3.0016089,218.166,22.60,76.337,
1555858374.99961,0,47.9858065,3.0016089,218.170,22.20,76.305,
1555858375.99961,0,47.9858064,3.0016090,218.186,24.30,76.282,
1555858376.99961,0,47.9858063,3.0016091,218.186,25.30,76.267,
1555858377.999609,0,47.9858063,3.0016092,218.199,25.90,76.214,
1555858378.999609,0,47.9858062,3.0016094,218.211,25.40,76.176,
1555858379.999609,0,47.9858061,3.0016095,218.219,22.00,76.131,
1555858380.999608,0,47.9858061,3.0016096,218.227,23.50,76.048,
1555858381.999608,0,47.9858060,3.0016098,218.225,25.40,76.001,
1555858382.999608,0,47.9858060,3.0016099,218.228,22.80,75.955,
1555858383.999608,0,47.9858060,3.0016101,218.238,25.70,75.877,
1555858384.999607,0,47.9858059,3.0016102,218.243,23.10,75.851,
1555858385.999607,0,47.9858058,3.0016103,218.246,22.70,75.845,
1555858386.999607,0,47.9858058,3.0016104,218.238,23.80,75.838,
1555858387.999606,0,47.9858057,3.0016105,218.242,24.00,75.835,
1555858387.999606,0,47.9858057,3.0016107,218.254,24.60,75.776,
1555858389.999606,0,47.9858057,3.0016108,218.253,24.40,75.723,
1555858390.999606,0,47.9858057,3.0016109,218.252,22.80,75.652,
1555858390.999606,0,47.9858056,3.0016109,218.249,22.90,75.644,
1555858392.999605,0,47.9858056,3.0016110,218.247,22.50,75.563,
1555858393.999605,0,47.9858056,3.0016110,218.240,23.70,75.511,
1555858394.999604,0,47.9858055,3.0016110,218.237,23.90,75.413,
1555858395.999604,0,47.9858055,3.0016111,218.246,24.20,75.408,
1555858396.999604,0,47.9858055,3.0016111,218.247,23.60,75.354,
1555858397.999604,0,47.9858055,3.0016112,218.250,23.80,75.298,
1555858398.999603,0,47.9858055,3.0016113,218.254,25.50,75.233,
1555858399.999603,0,47.9858055,3.0016113,218.252,22.60,75.138,
1555858400.999603,0,47.9858054,3.0016113,218.249,24.20,75.044,
1555858401.999602,0,47.9858054,3.0016114,218.251,25.00,74.981,
1555858402.999602,0,47.9858054,3.0016114,218.245,24.60,74.886,
1555858403.999602,0,47.9858054,3.0016114,218.244,23.50,74.849,
1555858403.999602,0,47.9858054,3.0016115,218.243,23.20,74.771,
1555858404.999602,0,47.9858053,3.0016115,218.236,25.90,74.704,
1555858406.999601,0,47.9858053,3.0016115,218.228,22.20,74.635,
1555858407.999601,0,47.9858053,3.0016116,218.228,25.00,74.604,
1555858408.9996,0,47.9858053,3.0016116,218.225,24.40,74.566,
1555858409.9996,0,47.9858054,3.0016115,218.212,24.50,74.566,
1555858410.9996,0,47.9858053,3.0016114,218.205,24.70,74.493,
1555858411.9996,0,47.9858053,3.0016114,218.206,23.90,74.427,
1555858412.999599,0,47.9858053,3.0016114,218.194,25.00,74.376,
1555858413.999599,0,47.9858054,3.0016113,218.191,23.60,74.375,
1555858414.999599,0,47.9858054,3.0016112,218.185,24.60,74.345,
1555858415.999599,0,47.9858054,3.0016111,218.178,22.30,74.318,
1555858416.999598,0,47.9858055,3.0016111,218.173,23.10,74.314,
1555858417.999598,0,47.9858054,3.0016110,218.158,23.80,74.310,
1555858418.999598,0,47.9858054,3.0016110,218.146,23.40,74.308,
1555858419.999597,0,47.9858055,3.0016110,218.141,23.20,74.232,
1555858420.999597,0,47.9858055,3.0016109,218.137,25.80,74.188,
1555858421.999597,0,47.9858055,3.0016109,218.133,23.70,74.096,
1555858422.999597,0,47.9858055,3.0016109,218.126,22.50,74.076,
1555858423.999596,0,47.9858056,3.0016108,218.121,22.60,74.049,
1555858424.999596,0,47.9858056,3.0016108,218.109,23.40,73.970,
1555858425.999596,0,47.9858056,3.0016107,218.106,22.80,73.916,
1555858425.999596,0,47.9858056,3.0016107,218.088,22.70,73.820,
1555858426.999595,0,47.9858056,3.0016107,218.089,24.40,73.763,
1555858428.999595,0,47.9858057,3.0016107,218.080,22.50,73.715,
1555858429.999595,0,47.9858056,3.0016107,218.080,24.80,73.705,
1555858429.999595,0,47.9858057,3.0016107,218.067,23.10,73.705,
1555858431.999594,0,47.9858056,3.0016107,218.075,26.00,73.622,
1555858432.999594,0,47.9858056,3.0016107,218.065,25.00,73.525,
1555858433.999594,0,47.9858056,3.0016106,218.052,23.40,73.440,
1555858434.999593,0,47.9858056,3.0016106,218.051,24.20,73.413,
1555858435.999593,0,47.9858056,3.0016106,218.039,23.20,73.345,
1555858436.999593,0,47.9858056,3.0016106,218.032,23.90,73.251,
1555858437.999592,0,47.9858056,3.0016106,218.034,24.70,73.247,
1555858438.999592,0,47.9858056,3.0016107,218.025,25.60,73.209,
1555858439.999592,0,47.9858057,3.0016107,218.017,24.00,73.165,
1555858440.999592,0,47.9858057,3.0016106,218.015,24.20,73.153,
1555858441.999591,0,47.9858057,3.0016107,218.018,23.50,73.147,
1555858442.999591,0,47.9858058,3.0016109,217.998,24.70,73.133,
1555858443.999591,0,47.9858058,3.0016109,218.024,22.30,73.041,
1555858443.999591,0,47.9858058,3.0016107,218.021,24.50,72.948,
1555858445.99959,0,47.9858059,3.0016111,218.014,25.50,72.948,
1555858446.99959,0,47.9858057,3.0016111,218.010,24.90,72.930,
1555858447.99959,0,47.9858057,3.0016109,217.995,23.90,72.926,
1555858448.999589,0,47.9858058,3.0016108,217.994,23.00,72.874,
1555858449.999589,0,47.9858057,3.0016106,217.997,23.10,72.830,
1555858450.999589,0,47.9858058,3.0016109,218.025,23.90,72.794,
1555858451.999589,0,47.9858058,3.0016110,218.011,24.70,72.771,
1555858452.999588,2,47.9858048,3.0016114,218.105,23.70,72.711,
1555858453.999588,2,47.9858047,3.0016114,218.079,22.30,72.620,
1555858454.999588,2,47.9858047,3.0016115,218.089,22.10,72.541,
1555858455.999587,2,47.9858046,3.0016115,218.085,22.70,72.468,
1555858456.999587,2,47.9858047,3.0016115,218.083,23.40,72.465,
1555858457.999587,2,47.9858047,3.0016114,218.086,24.80,72.458,
1555858458.999587,2,47.9858046,3.0016114,218.084,22.10,72.417,
1555858459.999586,2,47.9858046,3.0016114,218.085,24.10,72.388,
1555858460.999586,2,47.9858046,3.0016114,218.080,25.00,72.307,
1555858461.999586,0,47.9858059,3.0016108,217.994,25.30,72.296,
1555858462.999586,0,47.9858059,3.0016108,217.994,25.50,72.258,
1555858463.999585,0,47.9858059,3.0016108,218.003,23.90,72.239,
1555858464.999585,0,47.9858059,3.0016108,218.002,22.20,72.238,
1555858465.999585,0,47.9858059,3.0016108,217.994,23.70,72.169,
1555858466.999584,0,47.9858059,3.0016108,217.991,22.80,72.120,
1555858467.999584,0,47.9858055,3.0016107,218.051,23.10,72.060,
1555858468.999584,0,47.9858059,3.0016107,217.984,24.80,71.983,
1555858468.999584,0,47.9858059,3.0016105,218.008,24.60,71.892,
1555858470.999583,0,47.9858056,3.0016105,218.029,24.60,71.838,
1555858471.999583,0,47.9858055,3.0016105,218.024,23.00,71.756,
1555858472.999583,0,47.9858055,3.0016106,218.022,22.80,71.726,
1555858473.999582,0,47.9858056,3.0016106,218.022,23.50,71.690,
1555858474.999582,2,47.9858045,3.0016110,218.085,24.50,71.602,
1555858475.999582,2,47.9858044,3.0016111,218.097,23.80,71.526,
1555858476.999582,2,47.9858044,3.0016112,218.096,24.70,71.467,
1555858477.999581,2,47.9858045,3.0016112,218.100,22.80,71.412,
1555858478.999581,2,47.9858045,3.0016111,218.086,22.30,71.354,
1555858479.999581,2,47.9858046,3.0016110,218.111,25.80,71.320,
1555858480.999581,2,47.9858047,3.0016111,218.113,23.50,71.291,
1555858481.99958,0,47.9858056,3.0016104,218.021,23.60,71.258,
1555858482.99958,0,47.9858056,3.0016103,218.021,25.20,71.176,
1555858483.99958,0,47.9858056,3.0016104,218.025,22.70,71.132,
1555858484.999579,0,47.9858056,3.0016104,218.028,23.90,71.054,
1555858485.999579,0,47.9858056,3.0016104,218.035,24.80,71.021,
1555858486.999579,0,47.9858056,3.0016104,218.031,22.20,70.979,
1555858487.999579,0,47.9858055,3.0016104,218.026,23.10,70.951,
1555858488.999578,0,47.9858056,3.0016104,218.027,26.00,70.942,
1555858489.999578,0,47.9858056,3.0016103,218.034,23.70,70.923,
1555858490.999578,0,47.9858056,3.0016103,218.029,22.10,70.920,
1555858491.999578,0,47.9858056,3.0016104,218.034,23.70,70.863,
1555858492.999577,0,47.9858055,3.0016103,218.035,22.70,70.816,
1555858493.999577,0,47.9858055,3.0016103,218.037,25.80,70.716,
1555858494.999577,0,47.9858055,3.0016103,218.033,22.20,70.707,
1555858495.999576,0,47.9858055,3.0016103,218.042,24.70,70.687,
1555858496.999576,0,47.9858055,3.0016103,218.043,26.00,70.642,
1555858497.999576,0,47.9858055,3.0016102,218.045,23.10,70.611,
1555858498.999576,0,47.9858055,3.0016102,218.047,22.80,70.591,
1555858499.999575,0,47.9858055,3.0016102,218.044,23.40,70.580,
1555858500.999575,0,47.9858055,3.0016102,218.047,24.30,70.537,
1555858501.999575,0,47.9858055,3.0016102,218.044,23.90,70.536,
1555858502.999575,0,47.9858055,3.0016102,218.047,23.90,70.463,
1555858503.999574,0,47.9858055,3.0016102,218.055,25.00,70.435,
1555858504.999574,0,47.9858055,3.0016103,218.063,22.30,70.433,
1555858505.999574,0,47.9858054,3.0016102,218.055,23.20,70.400,
1555858506.999573,0,47.9858054,3.0016103,218.054,24.50,70.373,
1555858507.999573,0,47.9858054,3.0016102,218.061,25.80,70.368,
1555858508.999573,0,47.9858054,3.0016102,218.058,24.30,70.305,
1555858509.999573,0,47.9858054,3.0016102,218.053,22.70,70.284,
1555858510.999572,0,47.9858054,3.0016102,218.049,25.40,70.246,
1555858511.999572,0,47.9858055,3.0016102,218.050,24.50,70.181,
1555858512.999572,0,47.9858055,3.0016102,218.056,22.60,70.172,
1555858513.999572,0,47.9858055,3.0016102,218.051,24.60,70.080,
1555858514.999571,0,47.9858055,3.0016102,218.061,25.60,70.013,
1555858515.999571,0,47.9858054,3.0016102,218.059,22.20,69.933,
1555858516.999571,0,47.9858054,3.0016101,218.057,22.80,69.877,
1555858517.99957,0,47.9858054,3.0016101,218.065,23.00,69.796,
1555858518.99957,0,47.9858054,3.0016102,218.057,23.50,69.721,
1555858519.99957,0,47.9858054,3.0016101,218.054,23.30,69.692,
1555858520.99957,0,47.9858054,3.0016101,218.055,22.70,69.675,
1555858521.999569,0,47.9858055,3.0016101,218.057,25.10,69.661,
1555858522.999569,0,47.9858055,3.0016101,218.059,24.40,69.569,
1555858523.999569,0,47.9858054,3.0016101,218.060,24.60,69.480,
1555858524.999568,0,47.9858054,3.0016100,218.054,25.20,69.387,
1555858525.999568,0,47.9858055,3.0016100,218.055,24.60,69.385,
1555858526.999568,0,47.9858054,3.0016100,218.057,25.80,69.288,
1555858527.999568,0,47.9858055,3.0016100,218.053,23.00,69.267,
1555858528.999567,0,47.9858055,3.0016100,218.054,25.60,69.207,
1555858529.999567,0,47.9858055,3.0016100,218.051,22.00,69.107,
1555858530.999567,0,47.9858055,3.0016099,218.054,25.30,69.022,
1555858531.999567,0,47.9858055,3.0016099,218.051,23.70,68.926,
1555858532.999566,0,47.9858055,3.0016099,218.049,24.10,68.902,
1555858533.999566,0,47.9858055,3.0016099,218.041,22.90,68.868,
1555858534.999566,0,47.9858055,3.0016099,218.044,22.30,68.817,
1555858535.999565,0,47.9858055,3.0016099,218.043,25.80,68.745,
1555858536.999565,0,47.9858055,3.0016099,218.043,25.50,68.652,
1555858537.999565,0,47.9858055,3.0016098,218.033,23.30,68.603,
1555858538.999565,0,47.9858055,3.0016098,218.038,26.00,68.570,
1555858539.999564,0,47.9858054,3.0016097,218.040,24.10,68.512,
1555858540.999564,0,47.9858055,3.0016097,218.036,23.30,68.482,
1555858541.999564,0,47.9858055,3.0016097,218.030,25.70,68.458,
1555858542.999564,0,47.9858055,3.0016096,218.028,23.10,68.368,
1555858543.999563,0,47.9858055,3.0016097,218.027,22.00,68.305,
1555858544.999563,0,47.9858055,3.0016096,218.030,24.60,68.281,
1555858545.999563,0,47.9858054,3.0016096,218.024,24.50,68.192,
1555858546.999562,0,47.9858055,3.0016096,218.035,24.10,68.166,
1555858547.999562,0,47.9858055,3.0016096,218.033,23.70,68.153,
1555858548.999562,0,47.9858055,3.0016096,218.029,25.00,68.139,
1555858549.999562,0,47.9858055,3.0016096,218.026,23.50,68.123,
1555858550.999561,0,47.9858054,3.0016096,218.025,23.30,68.068,
1555858551.999561,0,47.9858055,3.0016096,218.027,23.10,67.979,
1555858552.999561,0,47.9858054,3.0016096,218.023,24.60,67.879,
1555858553.999561,0,47.9858055,3.0016096,218.019,24.60,67.871,
1555858554.99956,0,47.9858055,3.0016095,218.029,23.60,67.866,
1555858555.99956,0,47.9858055,3.0016095,218.023,25.40,67.795,
1555858556.99956,0,47.9858055,3.0016095,218.019,22.60,67.773,
1555858557.999559,0,47.9858055,3.0016095,218.024,24.60,67.773,
1555858558.999559,0,47.9858055,3.0016095,218.023,25.90,67.711,
1555858559.999559,0,47.9858055,3.0016095,218.020,24.90,67.647,
1555858560.999559,0,47.9858055,3.0016095,218.024,23.70,67.553,
1555858561.999558,0,47.9858055,3.0016095,218.012,25.50,67.488,
1555858562.999558,0,47.9858055,3.0016095,218.021,23.70,67.409,
1555858563.999558,0,47.9858055,3.0016095,218.013,25.20,67.351,
1555858564.999558,0,47.9858055,3.0016095,218.009,23.20,67.277,
1555858565.999557,0,47.9858055,3.0016095,218.011,22.50,67.179,
1555858566.999557,0,47.9858055,3.0016095,218.000,23.30,67.079,
1555858567.999557,0,47.9858063,3.0016104,218.022,25.90,66.998,
1555858568.999556,0,47.9858077,3.0016111,218.012,23.60,66.932,
1555858569.999556,0,47.9858087,3.0016125,218.010,25.90,66.847,
1555858570.999556,0,47.9858085,3.0016124,218.005,24.20,66.836,
1555858571.999556,0,47.9858086,3.0016125,218.011,22.70,66.817,
1555858571.999556,0,47.9858087,3.0016124,218.012,23.80,66.740,
1555858573.999555,0,47.9858087,3.0016123,218.011,25.40,66.696,
1555858574.999555,0,47.9858085,3.0016124,218.009,25.10,66.619,
1555858575.999555,0,47.9858084,3.0016126,218.020,22.60,66.575,
1555858576.999554,0,47.9858086,3.0016124,218.013,23.90,66.547,
1555858577.999554,0,47.9858087,3.0016124,218.015,23.50,66.542,
1555858578.999554,0,47.9858087,3.0016125,218.016,23.50,66.531,
1555858579.999553,0,47.9858087,3.0016125,218.009,22.70,66.486,
1555858580.999553,0,47.9858087,3.0016125,218.007,22.10,66.452,
1555858581.999553,0,47.9858087,3.0016125,218.010,25.10,66.371,
1555858582.999553,0,47.9858087,3.0016125,218.016,22.30,66.282,
1555858583.999552,0,47.9858087,3.0016125,218.013,25.30,66.249,
1555858584.999552,0,47.9858087,3.0016125,218.008,23.70,66.215,
1555858585.999552,0,47.9858087,3.0016126,218.006,24.00,66.129,
1555858586.999552,0,47.9858087,3.0016126,218.010,22.80,66.035,
1555858587.999551,0,47.9858088,3.0016126,218.009,25.00,66.034,
1555858588.999551,0,47.9858087,3.0016126,218.010,25.20,65.944,
1555858589.999551,0,47.9858087,3.0016126,218.001,25.40,65.880,
1555858590.99955,0,47.9858087,3.0016126,218.008,23.10,65.788,
1555858591.99955,0,47.9858087,3.0016127,218.010,26.00,65.704,
1555858592.99955,0,47.9858087,3.0016127,218.006,24.60,65.692,
1555858593.99955,0,47.9858087,3.0016127,218.008,22.60,65.642,
1555858594.999549,0,47.9858087,3.0016127,217.998,25.50,65.598,
1555858595.999549,0,47.9858088,3.0016128,217.997,25.70,65.533,
1555858596.999549,0,47.9858087,3.0016128,217.993,23.20,65.517,
1555858597.999549,0,47.9858087,3.0016128,217.993,22.10,65.451,
1555858598.999548,0,47.9858087,3.0016128,218.012,25.40,65.361,
1555858599.999548,0,47.9858087,3.0016128,218.014,22.00,65.274,
1555858600.999548,2,47.9858079,3.0016141,218.121,24.50,65.204,
1555858601.999547,2,47.9858079,3.0016141,218.119,22.30,65.194,
1555858602.999547,2,47.9858079,3.0016141,218.113,25.30,65.113,
1555858603.999547,2,47.9858079,3.0016141,218.108,22.30,65.051,
1555858604.999547,2,47.9858079,3.0016141,218.111,23.90,65.036,
1555858605.999546,0,47.9858087,3.0016129,217.987,23.00,64.963,
1555858606.999546,0,47.9858087,3.0016130,218.003,25.60,64.949,
1555858607.999546,0,47.9858087,3.0016130,217.995,25.30,64.924,
1555858608.999546,0,47.9858087,3.0016130,218.004,25.90,64.911,
1555858609.999545,0,47.9858087,3.0016130,218.002,23.60,64.868,
1555858610.999545,0,47.9858086,3.0016130,217.999,22.30,64.852,
1555858611.999545,0,47.9858086,3.0016131,217.999,25.20,64.834,
1555858612.999544,0,47.9858087,3.0016131,217.998,22.90,64.788,
1555858613.999544,0,47.9858086,3.0016131,218.003,22.40,64.720,
1555858613.999544,0,47.9858086,3.0016132,218.006,25.60,64.646,
1555858615.999544,0,47.9858086,3.0016131,218.006,23.70,64.608,
1555858616.999543,0,47.9858087,3.0016131,217.998,23.00,64.530,
1555858617.999543,0,47.9858086,3.0016132,218.002,23.60,64.488,
1555858618.999543,0,47.9858087,3.0016132,217.992,24.50,64.393,
1555858619.999542,0,47.9858086,3.0016132,217.993,22.10,64.345,
1555858620.999542,0,47.9858086,3.0016132,217.995,23.50,64.247,
1555858621.999542,0,47.9858086,3.0016132,217.994,22.80,64.202,
1555858622.999542,0,47.9858086,3.0016133,218.006,22.70,64.186,
1555858623.999541,0,47.9858086,3.0016133,218.002,24.40,64.120,
1555858624.999541,0,47.9858086,3.0016134,217.991,22.60,64.073,
1555858625.999541,0,47.9858086,3.0016133,217.980,25.40,64.068,
1555858626.999541,0,47.9858086,3.0016133,217.982,22.70,64.060,
1555858627.99954,0,47.9858086,3.0016133,217.980,24.90,64.020,
1555858628.99954,0,47.9858086,3.0016134,217.983,24.90,63.946,
1555858629.99954,0,47.9858086,3.0016134,217.983,22.00,63.929,
1555858629.99954,0,47.9858086,3.0016134,217.994,25.40,63.859,
1555858631.999539,0,47.9858085,3.0016134,217.984,23.20,63.857,
1555858632.999539,0,47.9858085,3.0016134,217.987,25.90,63.830,
1555858632.999539,0,47.9858085,3.0016134,217.989,22.80,63.823,
1555858634.999538,0,47.9858085,3.0016135,217.988,23.40,63.727,
1555858635.999538,0,47.9858085,3.0016136,217.986,25.10,63.679,
1555858636.999538,0,47.9858085,3.0016136,217.989,25.70,63.621,
1555858637.999538,0,47.9858085,3.0016137,217.990,25.60,63.550,
1555858637.999538,0,47.9858085,3.0016137,217.997,25.70,63.459,
1555858639.999537,0,47.9858084,3.0016137,218.000,23.50,63.408,
1555858640.999537,0,47.9858084,3.0016137,218.002,24.20,63.402,
1555858640.999537,0,47.9858084,3.0016137,217.994,22.60,63.348,
1555858642.999536,0,47.9858084,3.0016138,217.994,25.80,63.261,
1555858643.999536,0,47.9858084,3.0016138,217.980,24.40,63.223,
1555858643.999536,0,47.9858084,3.0016139,217.978,24.20,63.130,
1555858645.999535,0,47.9858084,3.0016139,217.984,25.10,63.090,
1555858646.999535,0,47.9858084,3.0016139,217.988,24.40,62.995,
1555858647.999535,0,47.9858084,3.0016139,218.000,24.80,62.960,
1555858648.999535,0,47.9858083,3.0016139,217.999,25.30,62.941,
1555858649.999534,0,47.9858083,3.0016140,218.008,22.40,62.867,
1555858650.999534,0,47.9858084,3.0016141,218.004,22.10,62.767,
1555858651.999534,0,47.9858083,3.0016141,218.005,22.70,62.675,
1555858652.999534,0,47.9858084,3.0016141,217.995,24.20,62.641,
1555858653.999533,0,47.9858083,3.0016141,217.992,22.90,62.546,
1555858654.999533,0,47.9858083,3.0016141,217.995,22.60,62.512,
1555858655.999533,0,47.9858084,3.0016142,218.003,25.60,62.440,
1555858656.999532,0,47.9858083,3.0016142,218.000,24.60,62.415,
1555858657.999532,0,47.9858083,3.0016143,217.994,25.50,62.370,
1555858658.999532,0,47.9858083,3.0016143,217.997,24.00,62.271,
1555858659.999532,0,47.9858084,3.0016144,218.002,24.50,62.222,
1555858660.999531,0,47.9858083,3.0016144,218.000,22.90,62.205,
1555858661.999531,0,47.9858083,3.0016144,218.005,25.50,62.113,
1555858662.999531,0,47.9858084,3.0016145,217.996,24.80,62.017,
1555858663.999531,0,47.9858083,3.0016145,217.995,23.70,61.982,
1555858664.99953,0,47.9858083,3.0016145,217.993,25.20,61.911,
1555858665.99953,2,47.9858081,3.0016141,218.123,25.00,61.817,
1555858666.99953,2,47.9858081,3.0016141,218.125,25.90,61.784,
1555858667.999529,2,47.9858081,3.0016141,218.119,25.70,61.705,
1555858668.999529,2,47.9858081,3.0016141,218.125,25.20,61.641,
1555858669.999529,2,47.9858080,3.0016141,218.122,24.80,61.575,
1555858670.999529,2,47.9858081,3.0016140,218.123,22.10,61.561,
1555858671.999528,2,47.9858081,3.0016141,218.117,22.30,61.496,
1555858672.999528,2,47.9858080,3.0016141,218.108,23.90,61.407,
1555858673.999528,2,47.9858080,3.0016141,218.109,23.50,61.389,
1555858674.999528,2,47.9858080,3.0016141,218.105,24.10,61.369,
1555858675.999527,2,47.9858080,3.0016141,218.109,23.00,61.306,
1555858676.999527,2,47.9858080,3.0016141,218.112,22.90,61.253,
1555858677.999527,2,47.9858081,3.0016141,218.113,23.50,61.209,
1555858678.999527,2,47.9858081,3.0016141,218.121,26.00,61.165,
1555858678.999527,2,47.9858081,3.0016141,218.113,22.50,61.145,
1555858680.999526,2,47.9858080,3.0016141,218.108,25.00,61.063,
1555858680.999526,2,47.9858080,3.0016141,218.110,24.40,61.013,
1555858682.999525,2,47.9858080,3.0016140,218.107,22.20,61.006,
1555858683.999525,2,47.9858080,3.0016141,218.103,24.20,60.913,
1555858684.999525,2,47.9858081,3.0016141,218.104,26.00,60.843,
1555858685.999525,2,47.9858080,3.0016140,218.110,23.40,60.771,
1555858686.999524,2,47.9858080,3.0016141,218.105,22.20,60.684,
1555858687.999524,2,47.9858080,3.0016141,218.112,24.50,60.623,
1555858688.999524,2,47.9858080,3.0016141,218.110,23.40,60.543,
1555858689.999524,2,47.9858080,3.0016141,218.111,23.80,60.482,
1555858690.999523,2,47.9858080,3.0016141,218.104,24.40,60.446,
1555858691.999523,2,47.9858080,3.0016140,218.114,22.10,60.431,
1555858692.999523,0,47.9858082,3.0016148,217.980,24.30,60.424,
1555858693.999522,0,47.9858082,3.0016149,217.984,26.00,60.406,
1555858694.999522,0,47.9858082,3.0016149,217.982,26.00,60.325,
1555858695.999522,0,47.9858083,3.0016149,217.987,23.10,60.291,
1555858696.999522,0,47.9858082,3.0016150,217.982,24.60,60.288,
1555858697.999521,0,47.9858082,3.0016150,217.986,25.00,60.250,
1555858698.999521,0,47.9858082,3.0016149,217.985,25.40,60.249,
1555858699.999521,0,47.9858082,3.0016150,217.983,24.30,60.158,
1555858700.999521,0,47.9858082,3.0016150,217.989,25.70,60.134,
1555858701.99952,0,47.9858082,3.0016149,217.982,24.30,60.043,
1555858702.99952,0,47.9858083,3.0016150,217.980,24.80,59.978,
1555858703.99952,0,47.9858082,3.0016150,217.981,23.20,59.919,
1555858704.999519,2,47.9858080,3.0016141,218.108,22.40,59.862,
1555858705.999519,2,47.9858080,3.0016142,218.105,25.00,59.842,
1555858706.999519,2,47.9858080,3.0016141,218.096,25.80,59.748,
1555858707.999519,2,47.9858079,3.0016142,218.089,25.20,59.673,
1555858708.999518,2,47.9858079,3.0016142,218.098,22.70,59.656,
1555858709.999518,2,47.9858079,3.0016142,218.099,24.70,59.644,
1555858710.999518,2,47.9858079,3.0016142,218.092,22.60,59.572,
1555858711.999518,0,47.9858082,3.0016152,217.998,24.30,59.495,
1555858712.999517,0,47.9858081,3.0016152,217.993,23.70,59.454,
1555858713.999517,0,47.9858082,3.0016152,217.988,24.30,59.368,
1555858714.999517,0,47.9858081,3.0016153,217.990,23.00,59.366,
1555858715.999517,0,47.9858081,3.0016153,217.993,25.80,59.326,
1555858716.999516,0,47.9858081,3.0016153,217.990,23.60,59.285,
1555858717.999516,0,47.9858081,3.0016153,217.986,22.10,59.231,
1555858718.999516,2,47.9858079,3.0016142,218.084,23.10,59.173,
1555858719.999515,2,47.9858079,3.0016142,218.086,24.40,59.171,
1555858720.999515,2,47.9858079,3.0016142,218.085,22.80,59.101,
1555858721.999515,2,47.9858079,3.0016142,218.092,23.40,59.023,
1555858722.999515,2,47.9858079,3.0016142,218.087,25.10,59.010,
1555858723.999514,2,47.9858079,3.0016142,218.085,22.20,58.964,
1555858724.999514,2,47.9858079,3.0016142,218.086,22.40,58.880,
1555858725.999514,2,47.9858079,3.0016142,218.091,24.90,58.828,
1555858726.999514,2,47.9858079,3.0016142,218.092,24.50,58.797,
1555858727.999513,2,47.9858079,3.0016142,218.089,23.30,58.769,
1555858728.999513,2,47.9858079,3.0016142,218.088,23.60,58.721,
1555858729.999513,2,47.9858079,3.0016142,218.090,24.40,58.644,
1555858730.999512,2,47.9858079,3.0016142,218.093,22.10,58.635,
1555858731.999512,2,47.9858079,3.0016142,218.089,25.00,58.598,
1555858732.999512,2,47.9858079,3.0016142,218.093,24.20,58.549,
1555858733.999512,2,47.9858079,3.0016142,218.084,25.90,58.505,
1555858734.999511,2,47.9858079,3.0016142,218.085,24.50,58.490,
1555858735.999511,2,47.9858080,3.0016142,218.091,22.00,58.453,
1555858736.999511,0,47.9858081,3.0016154,217.987,22.30,58.427,
1555858737.999511,0,47.9858080,3.0016153,217.986,24.60,58.389,
1555858738.99951,0,47.9858080,3.0016153,217.976,24.50,58.342,
1555858739.99951,0,47.9858080,3.0016154,217.979,22.00,58.335,
1555858740.99951,0,47.9858080,3.0016153,217.976,22.40,58.256,
1555858741.99951,0,47.9858081,3.0016153,217.980,22.10,58.232,
1555858742.999509,0,47.9858081,3.0016153,217.981,24.40,58.175,
1555858743.999509,0,47.9858081,3.0016153,217.982,25.60,58.172,
1555858744.999509,0,47.9858080,3.0016153,217.986,23.70,58.113,
1555858745.999508,0,47.9858081,3.0016153,217.985,23.60,58.029,
1555858746.999508,0,47.9858080,3.0016153,217.969,22.50,57.981,
1555858747.999508,0,47.9858080,3.0016153,217.970,24.20,57.940,
1555858748.999508,0,47.9858080,3.0016152,217.968,23.60,57.852,
1555858749.999507,0,47.9858080,3.0016152,217.974,24.40,57.827,
1555858750.999507,0,47.9858081,3.0016153,217.966,24.30,57.792,
1555858751.999507,0,47.9858081,3.0016152,217.962,24.80,57.778,
1555858752.999507,0,47.9858081,3.0016153,217.961,22.90,57.749,
1555858753.999506,0,47.9858080,3.0016152,217.962,22.00,57.657,
1555858754.999506,0,47.9858081,3.0016153,217.960,24.00,57.572,
1555858755.999506,0,47.9858081,3.0016153,217.959,25.40,57.508,
1555858756.999506,0,47.9858081,3.0016153,217.957,22.00,57.419,
1555858757.999505,0,47.9858081,3.0016153,217.954,23.00,57.400,
1555858758.999505,0,47.9858081,3.0016153,217.954,23.20,57.300,
1555858759.999505,0,47.9858081,3.0016153,217.952,23.70,57.300,
1555858760.999504,0,47.9858081,3.0016153,217.947,25.90,57.234,
1555858761.999504,0,47.9858081,3.0016153,217.947,24.70,57.152,
1555858762.999504,0,47.9858081,3.0016153,217.951,22.40,57.150,
1555858763.999504,0,47.9858080,3.0016153,217.952,23.10,57.110,
1555858764.999503,0,47.9858080,3.0016153,217.959,23.30,57.096,
1555858765.999503,0,47.9858080,3.0016153,217.953,25.50,57.062,
1555858766.999503,0,47.9858080,3.0016153,217.954,24.20,56.968,
1555858767.999503,0,47.9858081,3.0016154,217.953,24.20,56.910,
1555858768.999502,0,47.9858081,3.0016154,217.954,22.80,56.876,
1555858769.999502,0,47.9858081,3.0016154,217.949,24.10,56.824,
1555858770.999502,0,47.9858081,3.0016154,217.950,26.00,56.787,
1555858771.999502,0,47.9858081,3.0016154,217.953,22.50,56.703,
1555858772.999501,0,47.9858080,3.0016155,217.953,25.60,56.661,
1555858773.999501,0,47.9858080,3.0016155,217.959,22.10,56.595,
1555858774.999501,0,47.9858080,3.0016155,217.968,22.80,56.522,
1555858775.9995,0,47.9858080,3.0016156,217.977,25.00,56.474,
1555858776.9995,0,47.9858080,3.0016156,217.959,23.80,56.404,
1555858777.9995,0,47.9858080,3.0016156,217.963,23.10,56.319,
1555858778.9995,0,47.9858080,3.0016157,217.955,22.00,56.239,
1555858779.999499,0,47.9858080,3.0016156,217.959,24.70,56.230,
1555858781.000499,0,47.9858080,3.0016157,217.956,22.80,56.132,
1555858782.000499,0,47.9858080,3.0016157,217.967,23.40,56.037,
1555858783.000499,0,47.9858080,3.0016158,217.968,23.60,55.950,
1555858784.000498,0,47.9858079,3.0016158,217.972,23.40,55.950,
1555858785.000498,0,47.9858080,3.0016158,217.966,22.10,55.948,
1555858786.000498,0,47.9858079,3.0016159,217.965,22.50,55.946,
1555858787.000497,0,47.9858079,3.0016159,217.963,23.80,55.859,
1555858788.000497,0,47.9858079,3.0016159,217.970,25.50,55.784,
1555858789.000497,0,47.9858079,3.0016159,217.972,25.10,55.707,
1555858790.000497,0,47.9858079,3.0016159,217.974,25.40,55.625,
1555858791.000496,0,47.9858078,3.0016160,217.981,25.90,55.615,
1555858792.000496,0,47.9858078,3.0016160,217.991,22.80,55.522,
1555858793.000496,0,47.9858078,3.0016160,217.993,22.90,55.478,
1555858794.000496,0,47.9858078,3.0016161,218.001,22.20,55.447,
1555858795.000495,0,47.9858078,3.0016161,217.999,24.80,55.400,
1555858796.000495,0,47.9858078,3.0016161,218.002,22.80,55.330,
1555858797.000495,0,47.9858078,3.0016161,218.004,25.20,55.286,
1555858798.000495,0,47.9858078,3.0016161,218.003,22.60,55.220,
1555858799.000494,0,47.9858078,3.0016162,218.002,25.40,55.190,
1555858800.000494,0,47.9858078,3.0016162,217.998,23.80,55.106,
1555858801.000494,0,47.9858078,3.0016162,218.000,22.70,55.031,
1555858802.000493,0,47.9858078,3.0016162,218.000,22.30,54.942,
1555858803.000493,0,47.9858078,3.0016162,218.001,25.80,54.860,
1555858804.000493,0,47.9858078,3.0016162,218.010,22.40,54.794,
1555858805.000493,0,47.9858078,3.0016162,218.012,24.70,54.757,
1555858806.000492,0,47.9858078,3.0016162,218.012,24.30,54.738,
1555858807.000492,0,47.9858077,3.0016163,218.015,24.10,54.693,
1555858808.000492,0,47.9858077,3.0016163,218.024,22.50,54.672,
1555858809.000492,0,47.9858078,3.0016163,218.019,22.70,54.665,
1555858810.000491,0,47.9858078,3.0016163,218.028,22.90,54.635,
1555858811.000491,0,47.9858078,3.0016163,218.031,22.30,54.600,
1555858811.000491,0,47.9858078,3.0016164,218.033,22.30,54.586,
1555858813.000491,0,47.9858077,3.0016164,218.029,22.10,54.548,
1555858814.00049,0,47.9858077,3.0016164,218.033,22.10,54.486,
1555858815.00049,0,47.9858077,3.0016164,218.032,23.40,54.407,
1555858816.00049,0,47.9858077,3.0016164,218.031,23.50,54.321,
1555858817.000489,0,47.9858077,3.0016164,218.034,23.70,54.238,
1555858818.000489,0,47.9858077,3.0016164,218.035,24.70,54.169,
1555858819.000489,0,47.9858077,3.0016164,218.036,22.10,54.091,
1555858819.000489,0,47.9858078,3.0016165,218.036,22.80,54.045,
1555858821.000488,0,47.9858078,3.0016165,218.031,24.60,54.031,
1555858822.000488,0,47.9858078,3.0016165,218.033,23.10,53.985,
1555858823.000488,0,47.9858077,3.0016165,218.034,25.40,53.971,
1555858823.000488,0,47.9858077,3.0016164,218.042,25.90,53.950,
1555858825.000487,0,47.9858078,3.0016165,218.048,24.50,53.933,
1555858826.000487,0,47.9858078,3.0016165,218.043,24.40,53.854,
1555858827.000487,0,47.9858077,3.0016165,218.046,22.50,53.767,
1555858827.000487,0,47.9858077,3.0016165,218.051,25.70,53.709,
1555858829.000486,0,47.9858077,3.0016165,218.051,23.70,53.644,
1555858830.000486,0,47.9858078,3.0016165,218.060,23.90,53.552,
1555858830.000486,0,47.9858077,3.0016165,218.053,25.60,53.522,
1555858832.000485,0,47.9858077,3.0016165,218.053,24.80,53.442,
1555858833.000485,0,47.9858077,3.0016165,218.061,22.10,53.440,
1555858834.000485,0,47.9858077,3.0016165,218.060,25.20,53.356,
1555858835.000485,0,47.9858077,3.0016165,218.063,24.40,53.295,
1555858836.000484,0,47.9858077,3.0016165,218.064,25.10,53.242,
1555858837.000484,0,47.9858077,3.0016165,218.075,25.00,53.230,
1555858838.000484,0,47.9858077,3.0016165,218.077,22.80,53.227,
1555858839.000484,0,47.9858077,3.0016165,218.066,22.50,53.214,
1555858840.000483,0,47.9858077,3.0016165,218.067,22.10,53.148,
1555858841.000483,0,47.9858077,3.0016165,218.064,26.00,53.056,
1555858842.000483,0,47.9858077,3.0016165,218.050,24.80,52.992,
1555858843.000482,0,47.9858077,3.0016165,218.067,24.70,52.893,
1555858844.000482,0,47.9858078,3.0016164,218.062,22.80,52.803,
